date,topic,volume1mo,share_pct,event_count
2026-07-08,Business/Economy,2195104278.93792963,11.83827345,48
2026-07-08,Crypto,2401995105.25698185,12.95404285,299
2026-07-08,Culture,884052468.78431714,4.76772560,44
2026-07-08,Geopolitics,1971001597.47191858,10.62967992,134
2026-07-08,Politics,3964094360.29906559,21.37849826,229
2026-07-08,Sports,6914009797.57330513,37.28749445,1218
2026-07-08,Tech & Science,175943081.69877690,0.94886714,21
2026-07-08,Unclassified,36235319.25287500,0.19541833,7
2026-07-09,Business/Economy,2158273413.78140354,11.87708780,48
2026-07-09,Crypto,2424619185.94013166,13.34280206,301
2026-07-09,Culture,886313475.17406011,4.87742790,45
2026-07-09,Geopolitics,1992324194.81825972,10.96386085,137
2026-07-09,Politics,4008398749.14803410,22.05842113,232
2026-07-09,Sports,6492400775.18859863,35.72800996,1209
2026-07-09,Tech & Science,173174043.21284890,0.95298552,21
2026-07-09,Unclassified,36235319.25287500,0.19940480,7
2026-07-10,Business/Economy,2171291587.87964296,11.83771544,48
2026-07-10,Crypto,2402493014.95158625,13.09820791,298
2026-07-10,Culture,879311188.22112119,4.79393725,44
2026-07-10,Geopolitics,1993638069.68608093,10.86916206,137
2026-07-10,Politics,3971580238.86638451,21.65275128,229
2026-07-10,Sports,6712287732.07656193,36.59487862,1216
2026-07-10,Tech & Science,175313403.52727291,0.95579525,21
2026-07-10,Unclassified,36235319.25287500,0.19755219,7
2026-07-11,Business/Economy,2174731593.64977837,11.98348779,49
2026-07-11,Crypto,2398495623.05719042,13.21650133,298
2026-07-11,Culture,891495233.91568327,4.91243254,46
2026-07-11,Geopolitics,2021737430.08100271,11.14043952,140
2026-07-11,Politics,3981790674.57930470,21.94097886,229
2026-07-11,Sports,6461317399.80566406,35.60398826,1209
2026-07-11,Tech & Science,181931613.71541691,1.00250315,22
2026-07-11,Unclassified,36235319.25287500,0.19966855,7
2026-07-12,Business/Economy,2172369069.11994505,11.93279164,48
2026-07-12,Crypto,2390384111.08355427,13.13034508,297
2026-07-12,Culture,886068419.12382710,4.86716091,45
2026-07-12,Geopolitics,1985690652.32366157,10.90736981,134
2026-07-12,Politics,4025918791.82035542,22.11431325,233
2026-07-12,Sports,6529771242.97985649,35.86793827,1214
2026-07-12,Tech & Science,178598863.84211689,0.98104096,22
2026-07-12,Unclassified,36235319.25287500,0.19904008,7
2026-07-13,Business/Economy,2160419676.09691238,12.10631610,48
2026-07-13,Crypto,2419929182.37688828,13.56052620,304
2026-07-13,Culture,879813706.29194200,4.93020081,44
2026-07-13,Geopolitics,1939048650.34043646,10.86582211,130
2026-07-13,Politics,3928627851.65250015,22.01480163,230
2026-07-13,Sports,6306060709.43778038,35.33719171,1216
2026-07-13,Tech & Science,177960723.43633991,0.99723623,22
2026-07-13,Unclassified,33532423.89534000,0.18790521,6
2026-07-14,Business/Economy,2173967215.69673014,12.27739251,47
2026-07-14,Crypto,2410328442.22206450,13.61223304,300
2026-07-14,Culture,885937739.96049011,5.00329779,45
2026-07-14,Geopolitics,1989039262.08031178,11.23301932,135
2026-07-14,Politics,3856706828.19124508,21.78059686,226
2026-07-14,Sports,6175564873.38086605,34.87625451,1218
2026-07-14,Tech & Science,179296265.01602691,1.01256845,22
2026-07-14,Unclassified,36235319.25287500,0.20463751,7
2026-07-15,Business/Economy,2177653562.87055826,12.19535273,49
2026-07-15,Crypto,2401797950.18628120,13.45061203,298
2026-07-15,Culture,885845494.87267423,4.96093523,45
2026-07-15,Geopolitics,1995621913.65300918,11.17593431,136
2026-07-15,Politics,3842313361.74484444,21.51782431,229
2026-07-15,Sports,6338905785.29378605,35.49930683,1214
2026-07-15,Tech & Science,178047908.57906890,0.99710858,22
2026-07-15,Unclassified,36235319.25287500,0.20292599,7
2026-07-16,Business/Economy,2193190127.28442621,12.24321627,50
2026-07-16,Crypto,2405639728.55509567,13.42919025,298
2026-07-16,Culture,885830083.71334219,4.94503835,45
2026-07-16,Geopolitics,2003940652.90615630,11.18675417,136
2026-07-16,Politics,3968265208.78481960,22.15235632,228
2026-07-16,Sports,6241080915.49978924,34.84007267,1214
2026-07-16,Tech & Science,179330872.64651790,1.00109271,22
2026-07-16,Unclassified,36235319.25287500,0.20227925,7
2026-07-17,Business/Economy,2196085245.87591362,12.39506130,50
2026-07-17,Crypto,2401370555.98562050,13.55372488,297
2026-07-17,Culture,885821621.83836520,4.99972090,45
2026-07-17,Geopolitics,1996241115.27447891,11.26710861,133
2026-07-17,Politics,3989517201.79523373,22.51748212,231
2026-07-17,Sports,6032678732.60806751,34.04941717,1215
2026-07-17,Tech & Science,179471631.39221090,1.01296700,22
2026-07-17,Unclassified,36235319.25287500,0.20451802,7
2026-07-18,Business/Economy,2196164154.40485096,12.39743824,50
2026-07-18,Crypto,2404799376.83221340,13.57519277,298
2026-07-18,Culture,885625333.54338717,4.99939194,45
2026-07-18,Geopolitics,1993750432.40099859,11.25480434,135
2026-07-18,Politics,3978158179.05640888,22.45686882,231
2026-07-18,Sports,6046754142.55553532,34.13417930,1213
2026-07-18,Tech & Science,173174043.21284890,0.97757470,21
2026-07-18,Unclassified,36235319.25287500,0.20454989,7
2026-07-19,Business/Economy,2198031511.49617386,12.30879959,50
2026-07-19,Crypto,2372453690.05892658,13.28554975,294
2026-07-19,Culture,885129253.96126914,4.95665259,45
2026-07-19,Geopolitics,2000458929.59737635,11.20240903,135
2026-07-19,Politics,3987645691.09822226,22.33049498,229
2026-07-19,Sports,6201136236.51858807,34.72586391,1219
2026-07-19,Tech & Science,176308834.00656891,0.98731528,21
2026-07-19,Unclassified,36235319.25287500,0.20291487,7
2026-07-20,Business/Economy,2197195797.34885550,12.27176411,49
2026-07-20,Crypto,2414489248.31706142,13.48539013,299
2026-07-20,Culture,887995674.36331916,4.95962784,46
2026-07-20,Geopolitics,1996803060.22468925,11.15253186,132
2026-07-20,Politics,3924919261.44594193,21.92143431,230
2026-07-20,Sports,6267320340.96500111,35.00419805,1215
2026-07-20,Tech & Science,179523301.29762891,1.00267241,22
2026-07-20,Unclassified,36235319.25287500,0.20238128,7
2026-07-21,Business/Economy,2208061115.31827116,12.57362637,48
2026-07-21,Crypto,2440141257.51613379,13.89518807,305
2026-07-21,Culture,861780457.28809822,4.90733948,40
2026-07-21,Geopolitics,1953418398.12519145,11.12358391,128
2026-07-21,Politics,4084885597.62483454,23.26105239,238
2026-07-21,Sports,5807423381.38077831,33.06990522,1212
2026-07-21,Tech & Science,165313300.38506493,0.94136329,21
2026-07-21,Unclassified,40028885.51662300,0.22794127,8
2026-07-22,Business/Economy,2218695640.66879797,12.67339577,51
2026-07-22,Crypto,2416074306.54809475,13.80084106,300
2026-07-22,Culture,873473297.26038718,4.98936068,43
2026-07-22,Geopolitics,1958825149.60935187,11.18899137,136
2026-07-22,Politics,3966669530.92353344,22.65798514,225
2026-07-22,Sports,5857511467.43747330,33.45865007,1216
2026-07-22,Tech & Science,179233147.34930891,1.02379640,22
2026-07-22,Unclassified,36235319.25287500,0.20697951,7
2026-07-23,Business/Economy,2211534509.40875340,12.63620176,50
2026-07-23,Crypto,2429887170.14728498,13.88381886,301
2026-07-23,Culture,885304391.73028421,5.05842657,45
2026-07-23,Geopolitics,1914582654.44224024,10.93948686,132
2026-07-23,Politics,3972227570.72268963,22.69639872,229
2026-07-23,Sports,5872940619.43057346,33.55663783,1214
2026-07-23,Tech & Science,178864199.56223691,1.02198908,22
2026-07-23,Unclassified,36235319.25287500,0.20704032,7
2026-07-24,Business/Economy,2207293239.97974014,12.60590035,49
2026-07-24,Crypto,2428310730.59765577,13.86813611,302
2026-07-24,Culture,885196358.14476812,5.05537591,45
2026-07-24,Geopolitics,1935257411.26907754,11.05229773,134
2026-07-24,Politics,3963283922.43337107,22.63440184,227
2026-07-24,Sports,5875658324.08866310,33.55601420,1214
2026-07-24,Tech & Science,178765401.67750689,1.02093315,22
2026-07-24,Unclassified,36235319.25287500,0.20694071,7
